"CAS_TAC_ID","ID","YEAR","SPECIES_GROUP_LABEL","AREA_LABEL","OVERFISHING_LEVEL","ACCEPTABLE_BIOLOGICAL_CATCH","TOTAL_ALLOWABLE_CATCH","FMP_AREA_CODE"
18,18,2017,"Alaska plaice","BSAI",42800,36000,13000,"BSAI"
14,14,2017,"Arrowtooth flounder","BSAI",76100,65371,14000,"BSAI"
34,34,2017,"Atka mackerel","BS/EAI",NA,34890,34500,"BSAI"
33,33,2017,"Atka mackerel","BSAI",102700,87200,65000,"BSAI"
35,35,2017,"Atka mackerel","CAI",NA,30330,18000,"BSAI"
36,36,2017,"Atka mackerel","WAI",NA,21980,12500,"BSAI"
15,15,2017,"BSAI Kamchatka flounder","BSAI",10360,8880,5000,"BSAI"
27,27,2017,"Blackspotted/Rougheye rockfish","BS/EAI",NA,306,100,"BSAI"
26,26,2017,"Blackspotted/Rougheye rockfish","BSAI",612,501,225,"BSAI"
28,28,2017,"Blackspotted/Rougheye rockfish","CAI/WAI",NA,195,125,"BSAI"
17,17,2017,"Flathead sole","BSAI",81654,68278,14500,"BSAI"
13,13,2017,"Greenland turbot","AI",NA,844,125,"BSAI"
12,12,2017,"Greenland turbot","BS",NA,5800,4375,"BSAI"
11,11,2017,"Greenland turbot","BSAI",11615,6644,4500,"BSAI"
25,25,2017,"Northern rockfish","BSAI",16242,13264,5000,"BSAI"
40,40,2017,"Octopuses","BSAI",4769,3576,400,"BSAI"
19,19,2017,"Other flatfish","BSAI",17591,13193,2500,"BSAI"
32,32,2017,"Other rockfish","AI",NA,571,550,"BSAI"
31,31,2017,"Other rockfish","BS",NA,791,325,"BSAI"
30,30,2017,"Other rockfish","BSAI",1816,1362,875,"BSAI"
6,6,2017,"Pacific Cod","AI",28700,21500,15695,"BSAI"
5,5,2017,"Pacific Cod","BS",284000,239000,223704,"BSAI"
4,4,2017,"Pacific Cod","Combined BS and AI",312700,260500,239399,"BSAI"
21,21,2017,"Pacific ocean perch","BS",NA,12199,11000,"BSAI"
20,20,2017,"Pacific ocean perch","BSAI",53152,43723,34900,"BSAI"
23,23,2017,"Pacific ocean perch","CAI",NA,8009,7000,"BSAI"
22,22,2017,"Pacific ocean perch","EAI",NA,10307,7900,"BSAI"
24,24,2017,"Pacific ocean perch","WAI",NA,13208,9000,"BSAI"
2,2,2017,"Pollock","AI",43650,36061,19000,"BSAI"
1,1,2017,"Pollock","BS",3640000,2800000,1345000,"BSAI"
3,3,2017,"Pollock","Bogoslof",130428,60800,500,"BSAI"
16,16,2017,"Rock sole","BSAI",159700,155100,47100,"BSAI"
9,9,2017,"Sablefish","AI",2044,1735,1735,"BSAI"
8,8,2017,"Sablefish","BS",1499,1274,1274,"BSAI"
38,38,2017,"Sculpins","BSAI",56582,42387,4500,"BSAI"
39,39,2017,"Sharks","BSAI",689,517,125,"BSAI"
29,29,2017,"Shortraker rockfish","BSAI",666,499,125,"BSAI"
37,37,2017,"Skates","BSAI",49063,41144,26000,"BSAI"
10,10,2017,"Yellowfin Sole","BSAI",287000,260800,154000,"BSAI"
1,1,2020,"Pollock","BS",4085000,2043000,1425000,"BSAI"
2,2,2020,"Pollock","AI",66973,55120,19000,"BSAI"
3,3,2020,"Pollock","Bogoslof",183080,137310,75,"BSAI"
4,4,2020,"Pacific Cod","Combined BS and AI",218786,176473,155595,"BSAI"
5,5,2020,"Pacific Cod","BS",191386,155873,141799,"BSAI"
6,6,2020,"Pacific Cod","AI",27400,20600,13796,"BSAI"
8,8,2020,"Sablefish","BS",NA,2174,1861,"BSAI"
9,9,2020,"Sablefish","AI",NA,2952,2039,"BSAI"
10,10,2020,"Yellowfin Sole","BSAI",287307,260918,150700,"BSAI"
11,11,2020,"Greenland turbot","BSAI",11319,9625,5300,"BSAI"
12,12,2020,"Greenland turbot","BS",NA,8403,5125,"BSAI"
13,13,2020,"Greenland turbot","AI",NA,1222,175,"BSAI"
14,14,2020,"Arrowtooth flounder","BSAI",84057,71618,10000,"BSAI"
15,15,2020,"BSAI Kamchatka flounder","BSAI",11495,9708,6800,"BSAI"
16,16,2020,"Rock sole","BSAI",157300,153300,47100,"BSAI"
17,17,2020,"Flathead sole","BSAI",82810,68134,19500,"BSAI"
18,18,2020,"Alaska plaice","BSAI",37600,31600,17000,"BSAI"
19,19,2020,"Other flatfish","BSAI",21824,16368,4000,"BSAI"
20,20,2020,"Pacific ocean perch","BSAI",58956,48846,42875,"BSAI"
21,21,2020,"Pacific ocean perch","BS",NA,14168,14168,"BSAI"
22,22,2020,"Pacific ocean perch","EAI",NA,11063,10613,"BSAI"
23,23,2020,"Pacific ocean perch","CAI",NA,8144,8094,"BSAI"
24,24,2020,"Pacific ocean perch","WAI",NA,15471,10000,"BSAI"
25,25,2020,"Northern rockfish","BSAI",19751,16243,10000,"BSAI"
26,26,2020,"Blackspotted/Rougheye rockfish","BSAI",861,708,349,"BSAI"
27,27,2020,"Blackspotted/Rougheye rockfish","BS/EAI",NA,444,85,"BSAI"
28,28,2020,"Blackspotted/Rougheye rockfish","CAI/WAI",NA,264,264,"BSAI"
29,29,2020,"Shortraker rockfish","BSAI",722,541,375,"BSAI"
30,30,2020,"Other rockfish","BSAI",1793,1344,1088,"BSAI"
31,31,2020,"Other rockfish","BS",NA,956,700,"BSAI"
32,32,2020,"Other rockfish","AI",NA,388,388,"BSAI"
33,33,2020,"Atka mackerel","BSAI",81200,70100,59305,"BSAI"
34,34,2020,"Atka mackerel","BS/EAI",NA,24535,24535,"BSAI"
35,35,2020,"Atka mackerel","CAI",NA,14721,14721,"BSAI"
36,36,2020,"Atka mackerel","WAI",NA,30844,20049,"BSAI"
37,37,2020,"Skates","BSAI",49792,41543,16313,"BSAI"
38,38,2020,"Sculpins","BSAI",67817,50863,5300,"BSAI"
39,39,2020,"Sharks","BSAI",689,517,150,"BSAI"
40,40,2020,"Octopuses","BSAI",4769,3576,257,"BSAI"
18,18,2019,"Alaska plaice","BSAI",39880,33600,18000,"BSAI"
14,14,2019,"Arrowtooth flounder","BSAI",82939,70673,8000,"BSAI"
34,34,2019,"Atka mackerel","BS/EAI",NA,23970,23970,"BSAI"
33,33,2019,"Atka mackerel","BSAI",79200,68500,57951,"BSAI"
35,35,2019,"Atka mackerel","CAI",NA,14390,14390,"BSAI"
36,36,2019,"Atka mackerel","WAI",NA,30140,19591,"BSAI"
15,15,2019,"BSAI Kamchatka flounder","BSAI",10965,9260,5000,"BSAI"
27,27,2019,"Blackspotted/Rougheye rockfish","BS/EAI",NA,351,75,"BSAI"
26,26,2019,"Blackspotted/Rougheye rockfish","BSAI",676,555,279,"BSAI"
28,28,2019,"Blackspotted/Rougheye rockfish","CAI/WAI",NA,204,204,"BSAI"
17,17,2019,"Flathead sole","BSAI",80918,66625,14500,"BSAI"
13,13,2019,"Greenland turbot","AI",NA,1227,169,"BSAI"
12,12,2019,"Greenland turbot","BS",NA,8431,5125,"BSAI"
11,11,2019,"Greenland turbot","BSAI",11362,9658,5294,"BSAI"
25,25,2019,"Northern rockfish","BSAI",15507,12664,6500,"BSAI"
40,40,2019,"Octopuses","BSAI",4769,3576,400,"BSAI"
19,19,2019,"Other flatfish","BSAI",21824,16368,6500,"BSAI"
32,32,2019,"Other rockfish","AI",NA,388,388,"BSAI"
31,31,2019,"Other rockfish","BS",NA,956,275,"BSAI"
30,30,2019,"Other rockfish","BSAI",1793,1344,663,"BSAI"
6,6,2019,"Pacific Cod","AI",27400,20600,14214,"BSAI"
5,5,2019,"Pacific Cod","BS",216000,181000,166475,"BSAI"
34,34,2018,"Atka mackerel","BS/EAI",NA,36820,36500,"BSAI"
21,21,2019,"Pacific ocean perch","BS",NA,14675,14675,"BSAI"
20,20,2019,"Pacific ocean perch","BSAI",61067,50594,44069,"BSAI"
23,23,2019,"Pacific ocean perch","CAI",NA,8435,8385,"BSAI"
22,22,2019,"Pacific ocean perch","EAI",NA,11459,11009,"BSAI"
24,24,2019,"Pacific ocean perch","WAI",NA,16025,10000,"BSAI"
2,2,2019,"Pollock","AI",64240,52887,19000,"BSAI"
1,1,2019,"Pollock","BS",3914000,2163000,1397000,"BSAI"
3,3,2019,"Pollock","Bogoslof",183080,137310,75,"BSAI"
16,16,2019,"Rock sole","BSAI",122000,118900,47100,"BSAI"
9,9,2019,"Sablefish","AI",4350,2008,2008,"BSAI"
8,8,2019,"Sablefish","BS",3221,1489,1489,"BSAI"
38,38,2019,"Sculpins","BSAI",53201,39995,5000,"BSAI"
39,39,2019,"Sharks","BSAI",689,517,125,"BSAI"
29,29,2019,"Shortraker rockfish","BSAI",722,541,358,"BSAI"
37,37,2019,"Skates","BSAI",51152,42714,26000,"BSAI"
10,10,2019,"Yellowfin Sole","BSAI",290000,263200,154000,"BSAI"
33,33,2018,"Atka mackerel","BSAI",108600,92000,71000,"BSAI"
35,35,2018,"Atka mackerel","CAI",NA,32000,21000,"BSAI"
18,18,2018,"Alaska plaice","BSAI",41170,34590,16100,"BSAI"
14,14,2018,"Arrowtooth flounder","BSAI",76757,65932,13621,"BSAI"
36,36,2018,"Atka mackerel","WAI",NA,23180,13500,"BSAI"
15,15,2018,"BSAI Kamchatka flounder","BSAI",11347,9737,5000,"BSAI"
27,27,2018,"Blackspotted/Rougheye rockfish","BS/EAI",NA,374,75,"BSAI"
26,26,2018,"Blackspotted/Rougheye rockfish","BSAI",749,613,225,"BSAI"
28,28,2018,"Blackspotted/Rougheye rockfish","CAI/WAI",NA,239,150,"BSAI"
17,17,2018,"Flathead sole","BSAI",79862,66773,14500,"BSAI"
13,13,2018,"Greenland turbot","AI",NA,1414,169,"BSAI"
12,12,2018,"Greenland turbot","BS",NA,9718,5125,"BSAI"
11,11,2018,"Greenland turbot","BSAI",13148,11132,5294,"BSAI"
25,25,2018,"Northern rockfish","BSAI",15888,12975,6100,"BSAI"
40,40,2018,"Octopuses","BSAI",4769,3576,250,"BSAI"
19,19,2018,"Other flatfish","BSAI",17591,13193,4000,"BSAI"
32,32,2018,"Other rockfish","AI",NA,571,570,"BSAI"
31,31,2018,"Other rockfish","BS",NA,791,275,"BSAI"
30,30,2018,"Other rockfish","BSAI",1816,1362,845,"BSAI"
6,6,2018,"Pacific Cod","AI",28700,21500,15695,"BSAI"
5,5,2018,"Pacific Cod","BS",238000,201000,188136,"BSAI"
4,4,2018,"Pacific Cod","Combined BS and AI",266700,222500,203831,"BSAI"
21,21,2018,"Pacific ocean perch","BS",NA,11861,11861,"BSAI"
20,20,2018,"Pacific ocean perch","BSAI",51675,42509,37361,"BSAI"
23,23,2018,"Pacific ocean perch","CAI",NA,7787,7500,"BSAI"
22,22,2018,"Pacific ocean perch","EAI",NA,10021,9000,"BSAI"
24,24,2018,"Pacific ocean perch","WAI",NA,12840,9000,"BSAI"
2,2,2018,"Pollock","AI",49289,40788,19000,"BSAI"
1,1,2018,"Pollock","BS",4797000,2592000,1364341,"BSAI"
3,3,2018,"Pollock","Bogoslof",130428,60800,450,"BSAI"
16,16,2018,"Rock sole","BSAI",147300,143100,47100,"BSAI"
9,9,2018,"Sablefish","AI",3917,1988,1988,"BSAI"
8,8,2018,"Sablefish","BS",2887,1464,1464,"BSAI"
38,38,2018,"Sculpins","BSAI",53201,39995,5000,"BSAI"
39,39,2018,"Sharks","BSAI",689,517,180,"BSAI"
29,29,2018,"Shortraker rockfish","BSAI",666,499,150,"BSAI"
37,37,2018,"Skates","BSAI",46668,39082,27000,"BSAI"
10,10,2018,"Yellowfin Sole","BSAI",306700,277500,154000,"BSAI"
18,18,2021,"Alaska plaice","BSAI",37924,31657,24500,"BSAI"
14,14,2021,"Arrowtooth flounder","BSAI",90873,77349,15000,"BSAI"
34,34,2021,"Atka mackerel","BS/EAI",NA,25760,25760,"BSAI"
33,33,2021,"Atka mackerel","BSAI",85580,73590,62257,"BSAI"
35,35,2021,"Atka mackerel","CAI",NA,15450,15450,"BSAI"
36,36,2021,"Atka mackerel","WAI",NA,32380,21047,"BSAI"
15,15,2021,"BSAI Kamchatka flounder","BSAI",10630,8982,8982,"BSAI"
27,27,2021,"Blackspotted/Rougheye rockfish","BS/EAI",NA,313,313,"BSAI"
26,26,2021,"Blackspotted/Rougheye rockfish","BSAI",576,482,482,"BSAI"
28,28,2021,"Blackspotted/Rougheye rockfish","CAI/WAI",NA,169,169,"BSAI"
17,17,2021,"Flathead sole","BSAI",75863,62567,25000,"BSAI"
13,13,2021,"Greenland turbot","AI",NA,1150,900,"BSAI"
12,12,2021,"Greenland turbot","BS",NA,6176,5125,"BSAI"
11,11,2021,"Greenland turbot","BSAI",8568,7326,6025,"BSAI"
25,25,2021,"Northern rockfish","BSAI",18917,15557,13000,"BSAI"
40,40,2021,"Octopuses","BSAI",4769,3576,700,"BSAI"
19,19,2021,"Other flatfish","BSAI",22919,17189,6500,"BSAI"
32,32,2021,"Other rockfish","AI",NA,394,394,"BSAI"
31,31,2021,"Other rockfish","BS",NA,919,522,"BSAI"
30,30,2021,"Other rockfish","BSAI",1751,1313,916,"BSAI"
6,6,2021,"Pacific Cod","AI",27400,20600,13796,"BSAI"
5,5,2021,"Pacific Cod","BS",147949,123805,111380,"BSAI"
4,4,2021,"Pacific Cod","Combined BS and AI",175349,144405,125176,"BSAI"
21,21,2021,"Pacific ocean perch","BS",NA,10782,10782,"BSAI"
20,20,2021,"Pacific ocean perch","BSAI",44376,37173,35899,"BSAI"
23,23,2021,"Pacific ocean perch","CAI",NA,6198,6198,"BSAI"
22,22,2021,"Pacific ocean perch","EAI",NA,8419,8419,"BSAI"
24,24,2021,"Pacific ocean perch","WAI",NA,11774,10500,"BSAI"
2,2,2021,"Pollock","AI",61856,51241,19000,"BSAI"
1,1,2021,"Pollock","BS",2594000,1626000,1375000,"BSAI"
3,3,2021,"Pollock","Bogoslof",113479,85109,250,"BSAI"
16,16,2021,"Rock sole","BSAI",145180,140306,54500,"BSAI"
9,9,2021,"Sablefish","AI",NA,4717,4717,"BSAI"
8,8,2021,"Sablefish","BS",NA,3396,3396,"BSAI"
38,38,2021,"Sculpins","BSAI",NA,NA,NA,"BSAI"
39,39,2021,"Sharks","BSAI",689,517,200,"BSAI"
29,29,2021,"Shortraker rockfish","BSAI",722,541,500,"BSAI"
37,37,2021,"Skates","BSAI",49297,41257,18000,"BSAI"
10,10,2021,"Yellowfin Sole","BSAI",341571,313477,2e+05,"BSAI"
4,4,2019,"Pacific Cod","Combined BS and AI",243400,201600,180689,"BSAI"
18,18,2016,"Alaska plaice","BSAI",49000,41000,14500,"BSAI"
14,14,2016,"Arrowtooth flounder","BSAI",94035,80701,14000,"BSAI"
34,34,2016,"Atka mackerel","BS/EAI",NA,30832,28500,"BSAI"
33,33,2016,"Atka mackerel","BSAI",104749,90340,55000,"BSAI"
35,35,2016,"Atka mackerel","CAI",NA,27216,16000,"BSAI"
36,36,2016,"Atka mackerel","WAI",NA,32292,10500,"BSAI"
15,15,2016,"BSAI Kamchatka flounder","BSAI",11100,9500,5000,"BSAI"
17,17,2016,"Flathead sole","BSAI",79562,66250,21000,"BSAI"
13,13,2016,"Greenland turbot","AI",NA,789,200,"BSAI"
12,12,2016,"Greenland turbot","BS",NA,2673,2673,"BSAI"
11,11,2016,"Greenland turbot","BSAI",4194,3462,2873,"BSAI"
25,25,2016,"Northern rockfish","BSAI",14689,11960,4500,"BSAI"
40,40,2016,"Octopuses","BSAI",3452,2589,400,"BSAI"
19,19,2016,"Other flatfish","BSAI",17414,13061,2500,"BSAI"
32,32,2016,"Other rockfish","AI",NA,555,550,"BSAI"
31,31,2016,"Other rockfish","BS",NA,695,325,"BSAI"
30,30,2016,"Other rockfish","BSAI",1667,1250,875,"BSAI"
6,6,2016,"Pacific Cod","AI",23400,16700,12839,"BSAI"
5,5,2016,"Pacific Cod","BS",390000,255000,238680,"BSAI"
4,4,2016,"Pacific Cod","Combined BS and AI",413400,271700,251519,"BSAI"
21,21,2016,"Pacific ocean perch","BS",NA,8353,8000,"BSAI"
20,20,2016,"Pacific ocean perch","BSAI",40529,33320,31900,"BSAI"
23,23,2016,"Pacific ocean perch","CAI",NA,7355,7000,"BSAI"
22,22,2016,"Pacific ocean perch","EAI",NA,7916,7900,"BSAI"
24,24,2016,"Pacific ocean perch","WAI",NA,9696,9000,"BSAI"
2,2,2016,"Pollock","AI",39075,32227,19000,"BSAI"
1,1,2016,"Pollock","BS",3910000,2090000,1340000,"BSAI"
3,3,2016,"Pollock","Bogoslof",31906,23850,500,"BSAI"
16,16,2016,"Rock sole","BSAI",165900,161000,57100,"BSAI"
9,9,2016,"Sablefish","AI",1766,1557,1557,"BSAI"
8,8,2016,"Sablefish","BS",1304,1151,1151,"BSAI"
38,38,2016,"Sculpins","BSAI",52365,39725,4500,"BSAI"
39,39,2016,"Sharks","BSAI",1363,1022,125,"BSAI"
29,29,2016,"Shortraker rockfish","BSAI",690,518,200,"BSAI"
37,37,2016,"Skates","BSAI",50215,42134,26000,"BSAI"
10,10,2016,"Yellowfin Sole","BSAI",228100,211700,144000,"BSAI"
24,24,2011,"Pacific ocean perch","WAI",NA,8370,8370,"BSAI"
2,2,2011,"Pollock","AI",44500,36700,19000,"BSAI"
1,1,2011,"Pollock","BS",2450000,1270000,1252000,"BSAI"
3,3,2011,"Pollock","Bogoslof",22000,156,150,"BSAI"
16,16,2011,"Rock sole","BSAI",248000,224000,85000,"BSAI"
809,809,2011,"Rougheye rockfish","BS/EAI",NA,234,234,"BSAI"
808,808,2011,"Rougheye rockfish","BSAI",549,454,454,"BSAI"
810,810,2011,"Rougheye rockfish","CAI/WAI",NA,220,220,"BSAI"
9,9,2011,"Sablefish","AI",2250,1900,1900,"BSAI"
8,8,2011,"Sablefish","BS",3360,2850,2850,"BSAI"
38,38,2011,"Sculpins","BSAI",58300,43700,5200,"BSAI"
39,39,2011,"Sharks","BSAI",1360,1020,50,"BSAI"
29,29,2011,"Shortraker rockfish","BSAI",524,393,393,"BSAI"
37,37,2011,"Skates","BSAI",37800,31500,16500,"BSAI"
10,10,2011,"Yellowfin Sole","BSAI",262000,239000,196000,"BSAI"
18,18,2022,"Alaska plaice","BSAI",39305,32697,29221,"BSAI"
14,14,2022,"Arrowtooth flounder","BSAI",94445,80389,20000,"BSAI"
34,34,2022,"Atka mackerel","BS/EAI",NA,27260,27260,"BSAI"
33,33,2022,"Atka mackerel","BSAI",91870,78510,66481,"BSAI"
35,35,2022,"Atka mackerel","CAI",NA,16880,16880,"BSAI"
36,36,2022,"Atka mackerel","WAI",NA,34370,22341,"BSAI"
15,15,2022,"BSAI Kamchatka flounder","BSAI",10903,9214,9214,"BSAI"
27,27,2022,"Blackspotted/Rougheye rockfish","BS/EAI",NA,326,326,"BSAI"
26,26,2022,"Blackspotted/Rougheye rockfish","BSAI",598,503,503,"BSAI"
28,28,2022,"Blackspotted/Rougheye rockfish","CAI/WAI",NA,177,177,"BSAI"
17,17,2022,"Flathead sole","BSAI",77967,64288,35500,"BSAI"
13,13,2022,"Greenland turbot","AI",NA,1032,1032,"BSAI"
12,12,2022,"Greenland turbot","BS",NA,5540,5540,"BSAI"
11,11,2022,"Greenland turbot","BSAI",7687,6572,6572,"BSAI"
25,25,2022,"Northern rockfish","BSAI",23420,19217,17000,"BSAI"
40,40,2022,"Octopuses","BSAI",4769,3576,700,"BSAI"
19,19,2022,"Other flatfish","BSAI",22919,17189,10000,"BSAI"
32,32,2022,"Other rockfish","AI",NA,394,394,"BSAI"
31,31,2022,"Other rockfish","BS",NA,919,750,"BSAI"
30,30,2022,"Other rockfish","BSAI",1751,1313,1144,"BSAI"
6,6,2022,"Pacific Cod","AI",27400,20600,13796,"BSAI"
5,5,2022,"Pacific Cod","BS",183012,153383,136466,"BSAI"
4,4,2022,"Pacific Cod","Combined BS and AI",210412,173983,150262,"BSAI"
21,21,2022,"Pacific ocean perch","BS",NA,10352,10352,"BSAI"
20,20,2022,"Pacific ocean perch","BSAI",42605,35688,35385,"BSAI"
23,23,2022,"Pacific ocean perch","CAI",NA,5950,5950,"BSAI"
22,22,2022,"Pacific ocean perch","EAI",NA,8083,8083,"BSAI"
24,24,2022,"Pacific ocean perch","WAI",NA,11303,11000,"BSAI"
2,2,2022,"Pollock","AI",61264,50752,19000,"BSAI"
1,1,2022,"Pollock","BS",1469000,1111000,1111000,"BSAI"
3,3,2022,"Pollock","Bogoslof",113479,85109,250,"BSAI"
16,16,2022,"Rock sole","BSAI",214084,206896,66000,"BSAI"
9,9,2022,"Sablefish","AI",NA,6463,6463,"BSAI"
8,8,2022,"Sablefish","BS",NA,5264,5264,"BSAI"
39,39,2022,"Sharks","BSAI",689,517,500,"BSAI"
29,29,2022,"Shortraker rockfish","BSAI",722,541,541,"BSAI"
37,37,2022,"Skates","BSAI",47790,39958,30000,"BSAI"
10,10,2022,"Yellowfin Sole","BSAI",377071,354014,250000,"BSAI"
18,18,2012,"Alaska plaice","BSAI",64600,53400,24000,"BSAI"
14,14,2012,"Arrowtooth flounder","BSAI",181000,150000,25000,"BSAI"
34,34,2012,"Atka mackerel","BS/EAI",NA,38500,38500,"BSAI"
33,33,2012,"Atka mackerel","BSAI",96500,81400,50763,"BSAI"
35,35,2012,"Atka mackerel","CAI",NA,22900,10763,"BSAI"
36,36,2012,"Atka mackerel","WAI",NA,20000,1500,"BSAI"
15,15,2012,"BSAI Kamchatka flounder","BSAI",24800,18600,17700,"BSAI"
17,17,2012,"Flathead sole","BSAI",84500,70400,34134,"BSAI"
13,13,2012,"Greenland turbot","AI",NA,2430,2430,"BSAI"
12,12,2012,"Greenland turbot","BS",NA,7230,6230,"BSAI"
11,11,2012,"Greenland turbot","BSAI",11700,9660,8660,"BSAI"
25,25,2012,"Northern rockfish","BSAI",10500,8610,4700,"BSAI"
40,40,2012,"Octopuses","BSAI",3450,2590,900,"BSAI"
19,19,2012,"Other flatfish","BSAI",17100,12700,3200,"BSAI"
32,32,2012,"Other rockfish","AI",NA,570,570,"BSAI"
31,31,2012,"Other rockfish","BS",NA,710,500,"BSAI"
30,30,2012,"Other rockfish","BSAI",1700,1280,1070,"BSAI"
4,4,2012,"Pacific Cod","Combined BS and AI",369000,314000,261000,"BSAI"
21,21,2012,"Pacific ocean perch","BS",NA,5710,5710,"BSAI"
20,20,2012,"Pacific ocean perch","BSAI",35000,24700,24700,"BSAI"
23,23,2012,"Pacific ocean perch","CAI",NA,4990,4990,"BSAI"
22,22,2012,"Pacific ocean perch","EAI",NA,5620,5620,"BSAI"
24,24,2012,"Pacific ocean perch","WAI",NA,8380,8380,"BSAI"
2,2,2012,"Pollock","AI",39600,32500,19000,"BSAI"
1,1,2012,"Pollock","BS",2474000,1220000,1200000,"BSAI"
3,3,2012,"Pollock","Bogoslof",22000,16500,500,"BSAI"
16,16,2012,"Rock sole","BSAI",231000,208000,87000,"BSAI"
809,809,2012,"Rougheye rockfish","BS/EAI",NA,231,231,"BSAI"
808,808,2012,"Rougheye rockfish","BSAI",576,475,475,"BSAI"
810,810,2012,"Rougheye rockfish","CAI/WAI",NA,244,244,"BSAI"
9,9,2012,"Sablefish","AI",2430,2050,2050,"BSAI"
8,8,2012,"Sablefish","BS",2640,2230,2230,"BSAI"
38,38,2012,"Sculpins","BSAI",58300,43700,5200,"BSAI"
39,39,2012,"Sharks","BSAI",1360,1020,200,"BSAI"
29,29,2012,"Shortraker rockfish","BSAI",524,393,393,"BSAI"
37,37,2012,"Skates","BSAI",39100,32600,24700,"BSAI"
10,10,2012,"Yellowfin Sole","BSAI",222000,203000,202000,"BSAI"
808,808,2016,"Rougheye rockfish","BSAI",693,561,300,"BSAI"
809,809,2016,"Rougheye rockfish","BS/EAI",NA,179,100,"BSAI"
810,810,2016,"Rougheye rockfish","CAI/WAI",NA,382,200,"BSAI"
19,19,2010,"Other flatfish","BSAI",23000,17300,17300,"BSAI"
32,32,2010,"Other rockfish","AI",NA,555,555,"BSAI"
31,31,2010,"Other rockfish","BS",NA,485,485,"BSAI"
30,30,2010,"Other rockfish","BSAI",1380,1050,1050,"BSAI"
1569,1569,2010,"Other Species","BSAI",88200,61100,50000,"BSAI"
4,4,2010,"Pacific Cod","Combined BS and AI",205000,174000,168780,"BSAI"
21,21,2010,"Pacific ocean perch","BS",NA,3830,3830,"BSAI"
20,20,2010,"Pacific ocean perch","BSAI",22400,18860,18860,"BSAI"
23,23,2010,"Pacific ocean perch","CAI",NA,4270,4270,"BSAI"
22,22,2010,"Pacific ocean perch","EAI",NA,4220,4220,"BSAI"
24,24,2010,"Pacific ocean perch","WAI",NA,6540,6540,"BSAI"
2,2,2010,"Pollock","AI",40000,33100,19000,"BSAI"
1,1,2010,"Pollock","BS",918000,813000,813000,"BSAI"
3,3,2010,"Pollock","Bogoslof",22000,156,50,"BSAI"
16,16,2010,"Rock sole","BSAI",243000,240000,90000,"BSAI"
808,808,2010,"Rougheye rockfish","BSAI",669,547,547,"BSAI"
9,9,2010,"Sablefish","AI",2450,2070,2070,"BSAI"
8,8,2010,"Sablefish","BS",3310,2790,2790,"BSAI"
29,29,2010,"Shortraker rockfish","BSAI",516,387,387,"BSAI"
10,10,2010,"Yellowfin Sole","BSAI",234000,219000,219000,"BSAI"
18,18,2010,"Alaska plaice","BSAI",278000,224000,50000,"BSAI"
14,14,2010,"Arrowtooth flounder","BSAI",191000,156000,75000,"BSAI"
34,34,2010,"Atka mackerel","BS/EAI",NA,23800,23800,"BSAI"
33,33,2010,"Atka mackerel","BSAI",88200,74000,74000,"BSAI"
35,35,2010,"Atka mackerel","CAI",NA,29600,29600,"BSAI"
36,36,2010,"Atka mackerel","WAI",NA,20600,20600,"BSAI"
17,17,2010,"Flathead sole","BSAI",83100,69200,60000,"BSAI"
13,13,2010,"Greenland turbot","AI",NA,1900,1900,"BSAI"
12,12,2010,"Greenland turbot","BS",NA,4220,4220,"BSAI"
11,11,2010,"Greenland turbot","BSAI",7460,6120,6120,"BSAI"
25,25,2010,"Northern rockfish","BSAI",8640,7240,7240,"BSAI"
18,18,2009,"Alaska plaice","BSAI",298000,232000,50000,"BSAI"
14,14,2009,"Arrowtooth flounder","BSAI",190000,156000,75000,"BSAI"
34,34,2009,"Atka mackerel","BS/EAI",NA,27000,27000,"BSAI"
33,33,2009,"Atka mackerel","BSAI",99400,83800,76400,"BSAI"
35,35,2009,"Atka mackerel","CAI",NA,33500,32500,"BSAI"
36,36,2009,"Atka mackerel","WAI",NA,23300,16900,"BSAI"
17,17,2009,"Flathead sole","BSAI",83800,71400,60000,"BSAI"
13,13,2009,"Greenland turbot","AI",NA,2290,2290,"BSAI"
12,12,2009,"Greenland turbot","BS",NA,5090,5090,"BSAI"
11,11,2009,"Greenland turbot","BSAI",14800,7380,7380,"BSAI"
25,25,2009,"Northern rockfish","BSAI",8540,7160,7160,"BSAI"
1569,1569,2009,"Other Species","BSAI",80800,63700,50000,"BSAI"
19,19,2009,"Other flatfish","BSAI",23100,17400,17400,"BSAI"
32,32,2009,"Other rockfish","AI",NA,555,555,"BSAI"
31,31,2009,"Other rockfish","BS",NA,485,485,"BSAI"
30,30,2009,"Other rockfish","BSAI",1380,1040,1040,"BSAI"
4,4,2009,"Pacific Cod","Combined BS and AI",212000,182000,176540,"BSAI"
21,21,2009,"Pacific ocean perch","BS",NA,3820,3820,"BSAI"
20,20,2009,"Pacific ocean perch","BSAI",22300,18800,18800,"BSAI"
23,23,2009,"Pacific ocean perch","CAI",NA,4260,4260,"BSAI"
22,22,2009,"Pacific ocean perch","EAI",NA,4200,4200,"BSAI"
24,24,2009,"Pacific ocean perch","WAI",NA,6520,6520,"BSAI"
2,2,2009,"Pollock","AI",32600,26900,19000,"BSAI"
1,1,2009,"Pollock","BS",977000,815000,815000,"BSAI"
3,3,2009,"Pollock","Bogoslof",58400,7970,50,"BSAI"
16,16,2009,"Rock sole","BSAI",301000,296000,90000,"BSAI"
808,808,2009,"Rougheye rockfish","BSAI",660,539,539,"BSAI"
9,9,2009,"Sablefish","AI",2600,2200,2200,"BSAI"
8,8,2009,"Sablefish","BS",3210,2720,2720,"BSAI"
29,29,2009,"Shortraker rockfish","BSAI",516,387,387,"BSAI"
10,10,2009,"Yellowfin Sole","BSAI",224000,210000,210000,"BSAI"
30,30,2008,"Other rockfish","BSAI",1330,999,999,"BSAI"
4,4,2008,"Pacific Cod","Combined BS and AI",207000,176000,170720,"BSAI"
21,21,2008,"Pacific ocean perch","BS",NA,4200,4200,"BSAI"
20,20,2008,"Pacific ocean perch","BSAI",25700,21700,21700,"BSAI"
23,23,2008,"Pacific ocean perch","CAI",NA,4990,4990,"BSAI"
22,22,2008,"Pacific ocean perch","EAI",NA,4900,4900,"BSAI"
24,24,2008,"Pacific ocean perch","WAI",NA,7610,7610,"BSAI"
2,2,2008,"Pollock","AI",34000,28200,19000,"BSAI"
1,1,2008,"Pollock","BS",1440000,1e+06,1e+06,"BSAI"
3,3,2008,"Pollock","Bogoslof",58400,7970,10,"BSAI"
16,16,2008,"Rock sole","BSAI",304000,301000,75000,"BSAI"
808,808,2008,"Rougheye rockfish","BSAI",269,202,202,"BSAI"
9,9,2008,"Sablefish","AI",2890,2440,2440,"BSAI"
8,8,2008,"Sablefish","BS",3380,2860,2860,"BSAI"
29,29,2008,"Shortraker rockfish","BSAI",564,424,424,"BSAI"
10,10,2008,"Yellowfin Sole","BSAI",265000,248000,225000,"BSAI"
34,34,2008,"Atka mackerel","BS/EAI",NA,19500,19500,"BSAI"
14,14,2013,"Arrowtooth flounder","BSAI",186000,152000,25000,"BSAI"
34,34,2013,"Atka mackerel","BS/EAI",NA,16900,16900,"BSAI"
33,33,2013,"Atka mackerel","BSAI",57700,50000,25920,"BSAI"
35,35,2013,"Atka mackerel","CAI",NA,16000,7520,"BSAI"
36,36,2013,"Atka mackerel","WAI",NA,17100,1500,"BSAI"
15,15,2013,"BSAI Kamchatka flounder","BSAI",16300,12200,10000,"BSAI"
17,17,2013,"Flathead sole","BSAI",81500,67900,22699,"BSAI"
13,13,2013,"Greenland turbot","AI",NA,450,450,"BSAI"
12,12,2013,"Greenland turbot","BS",NA,1610,1610,"BSAI"
11,11,2013,"Greenland turbot","BSAI",2540,2060,2060,"BSAI"
25,25,2013,"Northern rockfish","BSAI",12200,9850,3000,"BSAI"
40,40,2013,"Octopuses","BSAI",3450,2590,500,"BSAI"
19,19,2013,"Other flatfish","BSAI",17800,13300,3500,"BSAI"
32,32,2013,"Other rockfish","AI",NA,473,473,"BSAI"
31,31,2013,"Other rockfish","BS",NA,686,400,"BSAI"
30,30,2013,"Other rockfish","BSAI",1540,1159,873,"BSAI"
4,4,2013,"Pacific Cod","Combined BS and AI",359000,307000,260000,"BSAI"
21,21,2013,"Pacific ocean perch","BS",NA,8130,8130,"BSAI"
20,20,2013,"Pacific ocean perch","BSAI",41900,35100,35100,"BSAI"
23,23,2013,"Pacific ocean perch","CAI",NA,6980,6980,"BSAI"
22,22,2013,"Pacific ocean perch","EAI",NA,9790,9790,"BSAI"
24,24,2013,"Pacific ocean perch","WAI",NA,10200,10200,"BSAI"
2,2,2013,"Pollock","AI",45600,37300,19000,"BSAI"
1,1,2013,"Pollock","BS",2550000,1375000,1247000,"BSAI"
3,3,2013,"Pollock","Bogoslof",13400,10100,100,"BSAI"
16,16,2013,"Rock sole","BSAI",241000,214000,92380,"BSAI"
809,809,2013,"Rougheye rockfish","BS/EAI",NA,169,169,"BSAI"
808,808,2013,"Rougheye rockfish","BSAI",462,378,378,"BSAI"
810,810,2013,"Rougheye rockfish","CAI/WAI",NA,209,209,"BSAI"
9,9,2013,"Sablefish","AI",2530,2140,2140,"BSAI"
8,8,2013,"Sablefish","BS",1870,1580,1580,"BSAI"
38,38,2013,"Sculpins","BSAI",56400,42300,5600,"BSAI"
39,39,2013,"Sharks","BSAI",1360,1020,100,"BSAI"
29,29,2013,"Shortraker rockfish","BSAI",493,370,370,"BSAI"
37,37,2013,"Skates","BSAI",45800,38800,24000,"BSAI"
10,10,2013,"Yellowfin Sole","BSAI",220000,206000,198000,"BSAI"
18,18,2008,"Alaska plaice","BSAI",248000,194000,50000,"BSAI"
14,14,2008,"Arrowtooth flounder","BSAI",297000,244000,75000,"BSAI"
33,33,2008,"Atka mackerel","BSAI",71400,60700,60700,"BSAI"
35,35,2008,"Atka mackerel","CAI",NA,24300,24300,"BSAI"
36,36,2008,"Atka mackerel","WAI",NA,16900,16900,"BSAI"
17,17,2008,"Flathead sole","BSAI",86000,71700,50000,"BSAI"
13,13,2008,"Greenland turbot","AI",NA,790,790,"BSAI"
12,12,2008,"Greenland turbot","BS",NA,1750,1750,"BSAI"
11,11,2008,"Greenland turbot","BSAI",15600,2540,2540,"BSAI"
25,25,2008,"Northern rockfish","BSAI",9740,8180,8180,"BSAI"
1569,1569,2008,"Other Species","BSAI",104000,78100,50000,"BSAI"
19,19,2008,"Other flatfish","BSAI",28800,21600,21600,"BSAI"
32,32,2008,"Other rockfish","AI",NA,585,585,"BSAI"
31,31,2008,"Other rockfish","BS",NA,414,414,"BSAI"
18,18,2015,"Alaska plaice","BSAI",54000,44900,18500,"BSAI"
14,14,2015,"Arrowtooth flounder","BSAI",93856,80547,22000,"BSAI"
34,34,2015,"Atka mackerel","BS/EAI",NA,38492,27000,"BSAI"
33,33,2015,"Atka mackerel","BSAI",125297,106000,54500,"BSAI"
35,35,2015,"Atka mackerel","CAI",NA,33108,17000,"BSAI"
36,36,2015,"Atka mackerel","WAI",NA,34400,10500,"BSAI"
15,15,2015,"BSAI Kamchatka flounder","BSAI",10500,9000,6500,"BSAI"
17,17,2015,"Flathead sole","BSAI",79419,66130,24250,"BSAI"
13,13,2015,"Greenland turbot","AI",NA,724,200,"BSAI"
12,12,2015,"Greenland turbot","BS",NA,2448,2448,"BSAI"
11,11,2015,"Greenland turbot","BSAI",3903,3172,2648,"BSAI"
25,25,2015,"Northern rockfish","BSAI",15337,12488,3250,"BSAI"
40,40,2015,"Octopuses","BSAI",3452,2589,400,"BSAI"
19,19,2015,"Other flatfish","BSAI",17700,13250,3620,"BSAI"
32,32,2015,"Other rockfish","AI",NA,555,555,"BSAI"
31,31,2015,"Other rockfish","BS",NA,695,325,"BSAI"
30,30,2015,"Other rockfish","BSAI",1667,1250,880,"BSAI"
6,6,2015,"Pacific Cod","AI",23400,17600,9422,"BSAI"
5,5,2015,"Pacific Cod","BS",346000,255000,240000,"BSAI"
4,4,2015,"Pacific Cod","Combined BS and AI",369400,272600,249422,"BSAI"
21,21,2015,"Pacific ocean perch","BS",NA,8771,8021,"BSAI"
20,20,2015,"Pacific ocean perch","BSAI",42558,34988,32021,"BSAI"
23,23,2015,"Pacific ocean perch","CAI",NA,7723,7000,"BSAI"
22,22,2015,"Pacific ocean perch","EAI",NA,8312,8000,"BSAI"
24,24,2015,"Pacific ocean perch","WAI",NA,10182,9000,"BSAI"
2,2,2015,"Pollock","AI",36005,29659,19000,"BSAI"
1,1,2015,"Pollock","BS",3330000,1637000,1310000,"BSAI"
3,3,2015,"Pollock","Bogoslof",21200,15900,100,"BSAI"
16,16,2015,"Rock sole","BSAI",187600,181700,69250,"BSAI"
809,809,2015,"Rougheye rockfish","BS/EAI",NA,149,149,"BSAI"
808,808,2015,"Rougheye rockfish","BSAI",560,453,349,"BSAI"
810,810,2015,"Rougheye rockfish","CAI/WAI",NA,304,200,"BSAI"
9,9,2015,"Sablefish","AI",2128,1802,1802,"BSAI"
8,8,2015,"Sablefish","BS",1575,1333,1333,"BSAI"
38,38,2015,"Sculpins","BSAI",52365,39725,4700,"BSAI"
39,39,2015,"Sharks","BSAI",1363,1022,125,"BSAI"
29,29,2015,"Shortraker rockfish","BSAI",690,518,250,"BSAI"
37,37,2015,"Skates","BSAI",49575,41658,25700,"BSAI"
10,10,2015,"Yellowfin Sole","BSAI",266400,248800,149000,"BSAI"
18,18,2014,"Alaska plaice","BSAI",66800,55100,24500,"BSAI"
14,14,2014,"Arrowtooth flounder","BSAI",125642,106599,25000,"BSAI"
34,34,2014,"Atka mackerel","BS/EAI",NA,21625,21652,"BSAI"
33,33,2014,"Atka mackerel","BSAI",74492,64131,32322,"BSAI"
35,35,2014,"Atka mackerel","CAI",NA,20574,9670,"BSAI"
36,36,2014,"Atka mackerel","WAI",NA,21905,1000,"BSAI"
15,15,2014,"BSAI Kamchatka flounder","BSAI",8270,7100,7100,"BSAI"
17,17,2014,"Flathead sole","BSAI",79633,66293,24500,"BSAI"
13,13,2014,"Greenland turbot","AI",NA,465,465,"BSAI"
12,12,2014,"Greenland turbot","BS",NA,1659,1659,"BSAI"
11,11,2014,"Greenland turbot","BSAI",2647,2124,2124,"BSAI"
25,25,2014,"Northern rockfish","BSAI",12077,9761,2594,"BSAI"
40,40,2014,"Octopuses","BSAI",3450,2590,225,"BSAI"
19,19,2014,"Other flatfish","BSAI",16700,12400,2650,"BSAI"
32,32,2014,"Other rockfish","AI",NA,473,473,"BSAI"
31,31,2014,"Other rockfish","BS",NA,690,300,"BSAI"
30,30,2014,"Other rockfish","BSAI",1550,1163,773,"BSAI"
6,6,2014,"Pacific Cod","AI",20100,15100,6997,"BSAI"
5,5,2014,"Pacific Cod","BS",299000,255000,246897,"BSAI"
4,4,2014,"Pacific Cod","Combined BS and AI",319100,270100,253894,"BSAI"
21,21,2014,"Pacific ocean perch","BS",NA,7684,7684,"BSAI"
20,20,2014,"Pacific ocean perch","BSAI",39585,33122,33122,"BSAI"
23,23,2014,"Pacific ocean perch","CAI",NA,6594,6594,"BSAI"
22,22,2014,"Pacific ocean perch","EAI",NA,9246,9246,"BSAI"
24,24,2014,"Pacific ocean perch","WAI",NA,9598,9598,"BSAI"
2,2,2014,"Pollock","AI",42811,35048,19000,"BSAI"
1,1,2014,"Pollock","BS",2795000,1369000,1267000,"BSAI"
3,3,2014,"Pollock","Bogoslof",13413,10059,75,"BSAI"
16,16,2014,"Rock sole","BSAI",228700,203800,85000,"BSAI"
809,809,2014,"Rougheye rockfish","BS/EAI",NA,177,177,"BSAI"
808,808,2014,"Rougheye rockfish","BSAI",505,416,416,"BSAI"
810,810,2014,"Rougheye rockfish","CAI/WAI",NA,239,239,"BSAI"
9,9,2014,"Sablefish","AI",2141,1811,1811,"BSAI"
8,8,2014,"Sablefish","BS",1584,1339,1339,"BSAI"
38,38,2014,"Sculpins","BSAI",56424,42318,5750,"BSAI"
39,39,2014,"Sharks","BSAI",1363,1022,125,"BSAI"
29,29,2014,"Shortraker rockfish","BSAI",493,370,370,"BSAI"
37,37,2014,"Skates","BSAI",41849,35383,26000,"BSAI"
10,10,2014,"Yellowfin Sole","BSAI",259700,239800,184000,"BSAI"
18,18,2013,"Alaska plaice","BSAI",67000,55200,20000,"BSAI"
18,18,2011,"Alaska plaice","BSAI",79100,65100,16000,"BSAI"
14,14,2011,"Arrowtooth flounder","BSAI",186000,153000,25900,"BSAI"
34,34,2011,"Atka mackerel","BS/EAI",NA,40300,40300,"BSAI"
33,33,2011,"Atka mackerel","BSAI",101000,58300,53080,"BSAI"
35,35,2011,"Atka mackerel","CAI",NA,24000,11280,"BSAI"
36,36,2011,"Atka mackerel","WAI",NA,21000,1500,"BSAI"
15,15,2011,"BSAI Kamchatka flounder","BSAI",23600,17700,17700,"BSAI"
17,17,2011,"Flathead sole","BSAI",83300,69300,41548,"BSAI"
13,13,2011,"Greenland turbot","AI",NA,1550,1550,"BSAI"
12,12,2011,"Greenland turbot","BS",NA,4590,3500,"BSAI"
11,11,2011,"Greenland turbot","BSAI",7220,6140,5050,"BSAI"
25,25,2011,"Northern rockfish","BSAI",10600,8670,4000,"BSAI"
40,40,2011,"Octopuses","BSAI",528,396,150,"BSAI"
19,19,2011,"Other flatfish","BSAI",19500,14500,3000,"BSAI"
32,32,2011,"Other rockfish","AI",NA,570,500,"BSAI"
31,31,2011,"Other rockfish","BS",NA,710,500,"BSAI"
30,30,2011,"Other rockfish","BSAI",1700,1280,1000,"BSAI"
4,4,2011,"Pacific Cod","Combined BS and AI",272000,235000,227950,"BSAI"
21,21,2011,"Pacific ocean perch","BS",NA,5710,5710,"BSAI"
20,20,2011,"Pacific ocean perch","BSAI",36300,24700,24700,"BSAI"
23,23,2011,"Pacific ocean perch","CAI",NA,4960,4960,"BSAI"
22,22,2011,"Pacific ocean perch","EAI",NA,5660,5660,"BSAI"
13,13,2024,"Greenland turbot","AI",NA,501,501,"BSAI"
14,14,2024,"Arrowtooth flounder","BSAI",103280,87690,14000,"BSAI"
15,15,2024,"BSAI Kamchatka flounder","BSAI",8850,7498,7498,"BSAI"
16,16,2024,"Rock sole","BSAI",197828,122091,66000,"BSAI"
17,17,2024,"Flathead sole","BSAI",81605,67289,35500,"BSAI"
18,18,2024,"Alaska plaice","BSAI",42695,35494,21752,"BSAI"
19,19,2024,"Other flatfish","BSAI",22919,17189,4500,"BSAI"
20,20,2024,"Pacific ocean perch","BSAI",49010,41096,37626,"BSAI"
21,21,2024,"Pacific ocean perch","BS",NA,11636,11636,"BSAI"
22,22,2024,"Pacific ocean perch","EAI",NA,7969,7969,"BSAI"
23,23,2024,"Pacific ocean perch","CAI",NA,5521,5521,"BSAI"
24,24,2024,"Pacific ocean perch","WAI",NA,15970,12500,"BSAI"
25,25,2024,"Northern rockfish","BSAI",23556,19274,16752,"BSAI"
26,26,2024,"Blackspotted/Rougheye rockfish","BSAI",761,569,569,"BSAI"
27,27,2024,"Blackspotted/Rougheye rockfish","BS/EAI",NA,388,388,"BSAI"
28,28,2024,"Blackspotted/Rougheye rockfish","CAI/WAI",NA,181,181,"BSAI"
29,29,2024,"Shortraker rockfish","BSAI",706,530,530,"BSAI"
30,30,2024,"Other rockfish","BSAI",1680,1260,1260,"BSAI"
31,31,2024,"Other rockfish","BS",NA,880,880,"BSAI"
32,32,2024,"Other rockfish","AI",NA,380,380,"BSAI"
33,33,2024,"Atka mackerel","BSAI",111684,95358,72987,"BSAI"
34,34,2024,"Atka mackerel","BS/EAI",NA,41723,32260,"BSAI"
35,35,2024,"Atka mackerel","CAI",NA,16754,16754,"BSAI"
36,36,2024,"Atka mackerel","WAI",NA,36882,23973,"BSAI"
37,37,2024,"Skates","BSAI",45574,37808,30519,"BSAI"
39,39,2024,"Sharks","BSAI",689,450,400,"BSAI"
40,40,2024,"Octopuses","BSAI",6080,4560,400,"BSAI"
1572,1572,2018,"Squid","BSAI",6912,5184,1200,"BSAI"
1572,1572,2017,"Squid","BSAI",6912,5184,1342,"BSAI"
1572,1572,2016,"Squid","BSAI",6912,5184,1500,"BSAI"
1572,1572,2015,"Squid","BSAI",2624,1970,400,"BSAI"
1572,1572,2014,"Squid","BSAI",2624,1970,310,"BSAI"
1572,1572,2013,"Squid","BSAI",2620,1970,700,"BSAI"
1572,1572,2012,"Squid","BSAI",2620,1970,425,"BSAI"
1572,1572,2011,"Squid","BSAI",2620,1970,425,"BSAI"
1572,1572,2010,"Squid","BSAI",2620,1970,1970,"BSAI"
1572,1572,2009,"Squid","BSAI",2620,1970,1970,"BSAI"
1572,1572,2008,"Squid","BSAI",2620,1970,1970,"BSAI"
1,1,2025,"Pollock","BS",2957000,2417000,1375000,"BSAI"
2,2,2025,"Pollock","AI",55728,46051,19000,"BSAI"
3,3,2025,"Pollock","Bogoslof",77354,58015,250,"BSAI"
5,5,2025,"Pacific Cod","BS",183509,153617,133602,"BSAI"
1581,1581,2025,"Pacific Cod","State GHL",NA,NA,20015,"BSAI"
6,6,2025,"Pacific Cod","AI",16782,13376,8694,"BSAI"
1582,1582,2025,"Pacific Cod","State GHL",NA,NA,4682,"BSAI"
8,8,2025,"Sablefish","BS",NA,13203,8496,"BSAI"
1583,1583,2025,"Sablefish","State GHL",NA,NA,660,"BSAI"
9,9,2025,"Sablefish","AI",NA,11566,7940,"BSAI"
1584,1584,2025,"Sablefish","State GHL",NA,NA,578,"BSAI"
10,10,2025,"Yellowfin Sole","BSAI",299247,262557,135000,"BSAI"
11,11,2025,"Greenland turbot","BSAI",2598,1678,1678,"BSAI"
12,12,2025,"Greenland turbot","BS",NA,1415,1415,"BSAI"
13,13,2025,"Greenland turbot","AI",NA,263,263,"BSAI"
14,14,2025,"Arrowtooth flounder","BSAI",104428,88683,14000,"BSAI"
15,15,2025,"BSAI Kamchatka flounder","BSAI",8019,6800,6800,"BSAI"
16,16,2025,"Rock sole","BSAI",165444,157487,75000,"BSAI"
17,17,2025,"Flathead sole","BSAI",101621,83807,36000,"BSAI"
18,18,2025,"Alaska plaice","BSAI",34576,28745,15903,"BSAI"
19,19,2025,"Other flatfish","BSAI",26083,19562,4500,"BSAI"
20,20,2025,"Pacific ocean perch","BSAI",44594,37375,33458,"BSAI"
21,21,2025,"Pacific ocean perch","BS",NA,10121,10121,"BSAI"
22,22,2025,"Pacific ocean perch","EAI",NA,6278,6278,"BSAI"
23,23,2025,"Pacific ocean perch","CAI",NA,5559,5559,"BSAI"
24,24,2025,"Pacific ocean perch","WAI",NA,15417,11500,"BSAI"
25,25,2025,"Northern rockfish","BSAI",22848,18694,12000,"BSAI"
26,26,2025,"Blackspotted/Rougheye rockfish","BSAI",838,706,706,"BSAI"
27,27,2025,"Blackspotted/Rougheye rockfish","BS/EAI",NA,408,408,"BSAI"
28,28,2025,"Blackspotted/Rougheye rockfish","CAI/WAI",NA,298,298,"BSAI"
29,29,2025,"Shortraker rockfish","BSAI",631,473,473,"BSAI"
30,30,2025,"Other rockfish","BSAI",1406,1054,1054,"BSAI"
31,31,2025,"Other rockfish","BS",NA,639,639,"BSAI"
32,32,2025,"Other rockfish","AI",NA,415,415,"BSAI"
33,33,2025,"Atka mackerel","BSAI",122622,103247,82000,"BSAI"
34,34,2025,"Atka mackerel","BS/EAI",NA,46650,39000,"BSAI"
35,35,2025,"Atka mackerel","CAI",NA,26511,24443,"BSAI"
36,36,2025,"Atka mackerel","WAI",NA,30087,18557,"BSAI"
37,37,2025,"Skates","BSAI",44086,36523,27646,"BSAI"
39,39,2025,"Sharks","BSAI",689,450,400,"BSAI"
40,40,2025,"Octopuses","BSAI",6080,4560,400,"BSAI"
1,1,2026,"Pollock","BS",2496000,2036000,1375000,"BSAI"
2,2,2026,"Pollock","AI",56231,46437,19000,"BSAI"
3,3,2026,"Pollock","Bogoslof",77354,58015,250,"BSAI"
5,5,2026,"Pacific Cod","BS",169243,141520,123077,"BSAI"
1581,1581,2026,"Pacific Cod","State GHL",NA,NA,18443,"BSAI"
6,6,2026,"Pacific Cod","AI",16273,12973,8951,"BSAI"
1582,1582,2026,"Pacific Cod","State GHL",NA,NA,4022,"BSAI"
8,8,2026,"Sablefish","BS",NA,13037,8996,"BSAI"
1583,1583,2026,"Sablefish","State GHL",NA,NA,652,"BSAI"
9,9,2026,"Sablefish","AI",NA,11421,7440,"BSAI"
1584,1584,2026,"Sablefish","State GHL",NA,NA,571,"BSAI"
10,10,2026,"Yellowfin Sole","BSAI",305039,267639,145000,"BSAI"
11,11,2026,"Greenland turbot","BSAI",2059,1328,1328,"BSAI"
12,12,2026,"Greenland turbot","BS",NA,1120,1120,"BSAI"
13,13,2026,"Greenland turbot","AI",NA,208,208,"BSAI"
14,14,2026,"Arrowtooth flounder","BSAI",102472,87035,14000,"BSAI"
15,15,2026,"BSAI Kamchatka flounder","BSAI",7790,6606,6606,"BSAI"
16,16,2026,"Rock sole","BSAI",166220,158225,75000,"BSAI"
17,17,2026,"Flathead sole","BSAI",106283,87700,36000,"BSAI"
18,18,2026,"Alaska plaice","BSAI",33965,28230,15682,"BSAI"
19,19,2026,"Other flatfish","BSAI",26083,19562,4500,"BSAI"
20,20,2026,"Pacific ocean perch","BSAI",43084,36578,33490,"BSAI"
21,21,2026,"Pacific ocean perch","BS",NA,9905,9905,"BSAI"
22,22,2026,"Pacific ocean perch","EAI",NA,6144,6144,"BSAI"
23,23,2026,"Pacific ocean perch","CAI",NA,5441,5441,"BSAI"
24,24,2026,"Pacific ocean perch","WAI",NA,15088,12000,"BSAI"
25,25,2026,"Northern rockfish","BSAI",22284,18232,12000,"BSAI"
26,26,2026,"Blackspotted/Rougheye rockfish","BSAI",902,766,766,"BSAI"
27,27,2026,"Blackspotted/Rougheye rockfish","BS/EAI",NA,441,441,"BSAI"
28,28,2026,"Blackspotted/Rougheye rockfish","CAI/WAI",NA,325,325,"BSAI"
1,1,2027,"Pollock","BS",2496000,2036000,1375000,"BSAI"
2,2,2027,"Pollock","AI",56231,46437,19000,"BSAI"
3,3,2027,"Pollock","Bogoslof",77354,58015,250,"BSAI"
5,5,2027,"Pacific Cod","BS",169243,141520,123077,"BSAI"
1581,1581,2027,"Pacific Cod","State GHL",NA,NA,18443,"BSAI"
6,6,2027,"Pacific Cod","AI",16273,12973,8951,"BSAI"
1582,1582,2027,"Pacific Cod","State GHL",NA,NA,4022,"BSAI"
8,8,2027,"Sablefish","BS",NA,13037,8996,"BSAI"
1583,1583,2027,"Sablefish","State GHL",NA,NA,652,"BSAI"
9,9,2027,"Sablefish","AI",NA,11421,7440,"BSAI"
1584,1584,2027,"Sablefish","State GHL",NA,NA,571,"BSAI"
10,10,2027,"Yellowfin Sole","BSAI",305039,267639,145000,"BSAI"
11,11,2027,"Greenland turbot","BSAI",2059,1328,1328,"BSAI"
12,12,2027,"Greenland turbot","BS",NA,1120,1120,"BSAI"
13,13,2027,"Greenland turbot","AI",NA,208,208,"BSAI"
14,14,2027,"Arrowtooth flounder","BSAI",102472,87035,14000,"BSAI"
15,15,2027,"BSAI Kamchatka flounder","BSAI",7790,6606,6606,"BSAI"
29,29,2026,"Shortraker rockfish","BSAI",631,473,473,"BSAI"
30,30,2026,"Other rockfish","BSAI",1406,1054,1054,"BSAI"
31,31,2026,"Other rockfish","BS",NA,639,639,"BSAI"
32,32,2026,"Other rockfish","AI",NA,415,415,"BSAI"
33,33,2026,"Atka mackerel","BSAI",107889,92361,82941,"BSAI"
34,34,2026,"Atka mackerel","BS/EAI",NA,41731,41731,"BSAI"
35,35,2026,"Atka mackerel","CAI",NA,23716,23716,"BSAI"
36,36,2026,"Atka mackerel","WAI",NA,26914,17494,"BSAI"
37,37,2026,"Skates","BSAI",43285,35833,27646,"BSAI"
39,39,2026,"Sharks","BSAI",689,450,400,"BSAI"
40,40,2026,"Octopuses","BSAI",6080,4560,400,"BSAI"
16,16,2027,"Rock sole","BSAI",166220,158225,75000,"BSAI"
17,17,2027,"Flathead sole","BSAI",106283,87700,36000,"BSAI"
18,18,2027,"Alaska plaice","BSAI",33965,28230,15682,"BSAI"
19,19,2027,"Other flatfish","BSAI",26083,19562,4500,"BSAI"
20,20,2027,"Pacific ocean perch","BSAI",43084,36578,33490,"BSAI"
21,21,2027,"Pacific ocean perch","BS",NA,9905,9905,"BSAI"
22,22,2027,"Pacific ocean perch","EAI",NA,6144,6144,"BSAI"
23,23,2027,"Pacific ocean perch","CAI",NA,5441,5441,"BSAI"
24,24,2027,"Pacific ocean perch","WAI",NA,15088,12000,"BSAI"
25,25,2027,"Northern rockfish","BSAI",22284,18232,12000,"BSAI"
26,26,2027,"Blackspotted/Rougheye rockfish","BSAI",902,766,766,"BSAI"
27,27,2027,"Blackspotted/Rougheye rockfish","BS/EAI",NA,441,441,"BSAI"
28,28,2027,"Blackspotted/Rougheye rockfish","CAI/WAI",NA,325,325,"BSAI"
29,29,2027,"Shortraker rockfish","BSAI",631,473,473,"BSAI"
30,30,2027,"Other rockfish","BSAI",1406,1054,1054,"BSAI"
31,31,2027,"Other rockfish","BS",NA,639,639,"BSAI"
32,32,2027,"Other rockfish","AI",NA,415,415,"BSAI"
33,33,2027,"Atka mackerel","BSAI",107889,92361,82941,"BSAI"
34,34,2027,"Atka mackerel","BS/EAI",NA,41731,41731,"BSAI"
35,35,2027,"Atka mackerel","CAI",NA,23716,23716,"BSAI"
36,36,2027,"Atka mackerel","WAI",NA,26914,17494,"BSAI"
37,37,2027,"Skates","BSAI",43285,35833,27646,"BSAI"
39,39,2027,"Sharks","BSAI",689,450,400,"BSAI"
40,40,2027,"Octopuses","BSAI",6080,4560,400,"BSAI"
1,1,2023,"Pollock","BS",3381000,1910000,1300000,"BSAI"
2,2,2023,"Pollock","AI",52383,43413,19000,"BSAI"
3,3,2023,"Pollock","Bogoslof",115146,86360,300,"BSAI"
5,5,2023,"Pacific Cod","BS",172495,144834,127409,"BSAI"
6,6,2023,"Pacific Cod","AI",18416,13812,8425,"BSAI"
8,8,2023,"Sablefish","BS",NA,8417,7996,"BSAI"
9,9,2023,"Sablefish","AI",NA,8884,8440,"BSAI"
10,10,2023,"Yellowfin Sole","BSAI",404882,378499,230000,"BSAI"
11,11,2023,"Greenland turbot","BSAI",4645,3960,3960,"BSAI"
12,12,2023,"Greenland turbot","BS",NA,3338,3338,"BSAI"
13,13,2023,"Greenland turbot","AI",NA,622,622,"BSAI"
14,14,2023,"Arrowtooth flounder","BSAI",98787,83852,15000,"BSAI"
15,15,2023,"BSAI Kamchatka flounder","BSAI",8946,7579,7579,"BSAI"
16,16,2023,"Rock sole","BSAI",166034,121719,66000,"BSAI"
17,17,2023,"Flathead sole","BSAI",79256,65344,35500,"BSAI"
18,18,2023,"Alaska plaice","BSAI",40823,33946,17500,"BSAI"
19,19,2023,"Other flatfish","BSAI",22919,17189,4500,"BSAI"
20,20,2023,"Pacific ocean perch","BSAI",50133,42038,37703,"BSAI"
21,21,2023,"Pacific ocean perch","BS",NA,11903,11903,"BSAI"
22,22,2023,"Pacific ocean perch","EAI",NA,8152,8152,"BSAI"
23,23,2023,"Pacific ocean perch","CAI",NA,5648,5648,"BSAI"
24,24,2023,"Pacific ocean perch","WAI",NA,16335,12000,"BSAI"
25,25,2023,"Northern rockfish","BSAI",22776,18687,11000,"BSAI"
26,26,2023,"Blackspotted/Rougheye rockfish","BSAI",703,525,525,"BSAI"
27,27,2023,"Blackspotted/Rougheye rockfish","BS/EAI",NA,359,359,"BSAI"
28,28,2023,"Blackspotted/Rougheye rockfish","CAI/WAI",NA,166,166,"BSAI"
29,29,2023,"Shortraker rockfish","BSAI",706,530,530,"BSAI"
30,30,2023,"Other rockfish","BSAI",1680,1260,1260,"BSAI"
31,31,2023,"Other rockfish","BS",NA,880,880,"BSAI"
32,32,2023,"Other rockfish","AI",NA,380,380,"BSAI"
33,33,2023,"Atka mackerel","BSAI",118787,98588,69282,"BSAI"
34,34,2023,"Atka mackerel","BS/EAI",NA,43281,27260,"BSAI"
35,35,2023,"Atka mackerel","CAI",NA,17351,17351,"BSAI"
36,36,2023,"Atka mackerel","WAI",NA,37956,24671,"BSAI"
37,37,2023,"Skates","BSAI",46220,38605,27441,"BSAI"
39,39,2023,"Sharks","BSAI",689,450,250,"BSAI"
40,40,2023,"Octopuses","BSAI",4769,3576,400,"BSAI"
1,1,2024,"Pollock","BS",3162000,2313000,1300000,"BSAI"
2,2,2024,"Pollock","AI",51516,42654,19000,"BSAI"
3,3,2024,"Pollock","Bogoslof",115146,86360,250,"BSAI"
5,5,2024,"Pacific Cod","BS",200995,167952,147753,"BSAI"
6,6,2024,"Pacific Cod","AI",18416,12431,8080,"BSAI"
8,8,2024,"Sablefish","BS",NA,11450,7996,"BSAI"
9,9,2024,"Sablefish","AI",NA,13100,8440,"BSAI"
10,10,2024,"Yellowfin Sole","BSAI",305298,265913,195000,"BSAI"
11,11,2024,"Greenland turbot","BSAI",3705,3188,3188,"BSAI"
12,12,2024,"Greenland turbot","BS",NA,2687,2687,"BSAI"
18,18,2007,"Alaska plaice","BSAI",241000,190000,25000,"BSAI"
14,14,2007,"Arrowtooth flounder","BSAI",193000,158000,20000,"BSAI"
34,34,2007,"Atka mackerel","BS/EAI",NA,23800,23800,"BSAI"
33,33,2007,"Atka mackerel","BSAI",86900,74000,63000,"BSAI"
35,35,2007,"Atka mackerel","CAI",NA,29600,29600,"BSAI"
36,36,2007,"Atka mackerel","WAI",NA,20600,9600,"BSAI"
17,17,2007,"Flathead sole","BSAI",95300,79200,30000,"BSAI"
13,13,2007,"Greenland turbot","AI",NA,760,760,"BSAI"
12,12,2007,"Greenland turbot","BS",NA,1680,1680,"BSAI"
11,11,2007,"Greenland turbot","BSAI",15600,2440,2440,"BSAI"
25,25,2007,"Northern rockfish","BSAI",9750,8190,8190,"BSAI"
1569,1569,2007,"Other Species","BSAI",91700,68800,37355,"BSAI"
19,19,2007,"Other flatfish","BSAI",28500,21400,10000,"BSAI"
32,32,2007,"Other rockfish","AI",NA,585,585,"BSAI"
31,31,2007,"Other rockfish","BS",NA,414,414,"BSAI"
30,30,2007,"Other rockfish","BSAI",1330,999,999,"BSAI"
4,4,2007,"Pacific Cod","Combined BS and AI",207000,176000,170720,"BSAI"
21,21,2007,"Pacific ocean perch","BS",NA,4160,2160,"BSAI"
20,20,2007,"Pacific ocean perch","BSAI",26100,21900,19900,"BSAI"
23,23,2007,"Pacific ocean perch","CAI",NA,5050,5050,"BSAI"
22,22,2007,"Pacific ocean perch","EAI",NA,4970,4970,"BSAI"
24,24,2007,"Pacific ocean perch","WAI",NA,7720,7720,"BSAI"
2,2,2007,"Pollock","AI",54500,44500,19000,"BSAI"
1,1,2007,"Pollock","BS",1640000,1394000,1394000,"BSAI"
3,3,2007,"Pollock","Bogoslof",48000,5220,10,"BSAI"
16,16,2007,"Rock sole","BSAI",2e+05,198000,55000,"BSAI"
808,808,2007,"Rougheye rockfish","BSAI",269,202,202,"BSAI"
9,9,2007,"Sablefish","AI",3320,2810,2810,"BSAI"
8,8,2007,"Sablefish","BS",3520,2980,2980,"BSAI"
29,29,2007,"Shortraker rockfish","BSAI",564,424,424,"BSAI"
10,10,2007,"Yellowfin Sole","BSAI",240000,225000,136000,"BSAI"
